X,Y,OBJECTID,ID,NAME,ADDRESS,ARCH_TYPE,CONST_DATE,PHOTOS,SDE_PHOTOS,NUM_ON_REGISTER,DESIGNATION_DATE
-92.019016461642394,30.151528474605886,1,1051,WHITFIELD HOUSE,305 FAILLA RD,FRENCH CREOLE,CIRCA 1910,WHITFIELD_HOUSE,http://lafayettela.gov/PZD/Zoning/Historic%20Building%20Photos/051-Whitfield.jpg,51,2000-06-07T00:00:00.000Z
-92.020006188296037,30.223882567314305,2,1052,POCHÉ BUILDING,203 W VERMILION ST,COMMERCIAL VERNACULAR,1920,POCHE_BUILDING,http://lafayettela.gov/PZD/Zoning/Historic%20Building%20Photos/052-PocheBuilding.jpg,52,2000-06-27T00:00:00.000Z
-92.025452280577397,30.225000469797891,3,1050,GRÖHEIM,204 VERSAILLES BLVD,NORMANDY REVIVAL,1927,GROHEIM,http://lafayettela.gov/PZD/Zoning/Historic%20Building%20Photos/050-Groheim.jpg,50,1998-10-03T00:00:00.000Z
-92.016646671602288,30.215911434878258,4,1049,POLLINGUE-BROWN-TOWN HOUSE,323 E UNIVERSITY AVE,ECLECTIC,CIRCA 1927,POLLINGUE-BROWN-TOWN_HOUSE,http://lafayettela.gov/PZD/Zoning/Historic%20Building%20Photos/049-Pollingue-BrownTownhouse.jpg,49,1998-10-07T00:00:00.000Z
-92.023118962961135,30.220683847536076,5,1048,HAMILTON HOUSE,100 HAMILTON PL,AMERICAN BUNGALOW,CIRCA 1920,HOUSE_OF_A_NET,http://lafayettela.gov/PZD/Zoning/Historic%20Building%20Photos/048-HamiltonHouse.jpg,48,1998-10-07T00:00:00.000Z
-92.031538461509967,30.210346987680797,6,1047,WHITTINGTON-GUENIERE HOUSE,2250 JOHNSTON ST,COLONIAL REVIVAL,1915,WHITTINGTON-GUENIERE_HOUSE,http://lafayettela.gov/PZD/Zoning/Historic%20Building%20Photos/047-WhittingtonGueniere.jpg,47,1997-12-03T00:00:00.000Z
-92.131646534351717,30.13816756504912,7,1045,FREDRICK TOLSON HOUSE,840 BOURQUE RD,COLONIAL REVIVAL,CIRCA 1905,FREDERICK_TOLSON_HOUSE,http://lafayettela.gov/PZD/Zoning/Historic%20Building%20Photos/045-DrFredrickTolsonHouse.jpg,45,1997-04-02T00:00:00.000Z
-92.009816210976695,30.232807907531651,8,1041,HANLEY-GUENO HOUSE,406 N STERLING ST,AMERICAN FOURSQUARE,CIRCA 1900,HANLEY-GUENO_HOUSE,http://lafayettela.gov/PZD/Zoning/Historic%20Building%20Photos/041-HanleyGuenoHouse.jpg,41,1996-04-03T00:00:00.000Z
-92.014884189443919,30.213829585458743,9,1040,ELOI GIRARD HOUSE,500 E UNIVERSITY AVE,ENGLISH TUDOR REVIVAL,1935,GIRARD_HOUSE,http://lafayettela.gov/PZD/Zoning/Historic%20Building%20Photos/040-EloiGirardHouse.jpg,40,1995-11-01T00:00:00.000Z
-92.010502902775897,30.233187490215808,11,1044,BARRIOS HOUSE,411 N STERLING ST,QUEEN ANNE REVIVAL,CIRCA 1902,BARRIOS_HOUSE,http://lafayettela.gov/PZD/Zoning/Historic%20Building%20Photos/044-BarriosHouse.jpg,44,1996-09-04T00:00:00.000Z
-92.026214181969223,30.217333015003323,12,1043,SAINT MARY'S ORPHANAGE,605 W SAINT MARY BLVD,SPANISH REVIVAL,CIRCA 1925,ST_MARYS_ORPHANAGE,http://lafayettela.gov/PZD/Zoning/Historic%20Building%20Photos/043-SaintMarysOrphanage.jpg,43,1996-09-04T00:00:00.000Z
-92.008044768367029,30.232919938145066,13,1039,NP MOSS SCHOOL,801 MUDD AVE,JACOBEAN REVIVAL,1925,N_P_MOSS_SCHOOL,http://lafayettela.gov/PZD/Zoning/Historic%20Building%20Photos/039-NPMossSchool.jpg,39,1995-05-03T00:00:00.000Z
-92.022629677206709,30.219337714309454,14,1038,MARTIN HOUSE,112 DUNREATH ST,MODIFIED QUEEN ANNE REVIVAL,1907,MARTIN_HOUSE,http://lafayettela.gov/PZD/Zoning/Historic%20Building%20Photos/038-MartinHouse.jpg,38,1995-05-03T00:00:00.000Z
-92.01917896242189,30.23151846295724,15,1036,WALTER FRANKLIN MILLS HOUSE,312 S PIERCE ST,AMERICAN FOURSQUARE,1910,312_S_PIERCE_STREET,http://lafayettela.gov/PZD/Zoning/Historic%20Building%20Photos/036-213SPierceStreet.jpg,36,1994-10-05T00:00:00.000Z
-92.019222328118133,30.231781941680516,16,1035,JEANMARD HOUSE,306 S PIERCE ST,QUEEN ANNE REVIVAL,1907,JEANMARD_HOUSE,http://lafayettela.gov/PZD/Zoning/Historic%20Building%20Photos/035-JeanmardHouse.jpg,35,1994-10-05T00:00:00.000Z
-92.023019521857151,30.212935447405059,17,1034,LO CLARK HOUSE,112 CLARK CT,ECLECTIC REVIVALISM,1927,L_O_CLARK_HOUSE,http://lafayettela.gov/PZD/Zoning/Historic%20Building%20Photos/034-LOClarkHouse.jpg,34,1994-10-05T00:00:00.000Z
-92.024138698285995,30.219179424998249,19,1033,1304 SAINT JOHN STREET HOUSE,1304 SAINT JOHN ST,AMERICAN BUNGALOW,CIRCA 1910,1304_ST_JOHN_STREET,http://lafayettela.gov/PZD/Zoning/Historic%20Building%20Photos/033-1304SaintJohnStreet.jpg,33,1994-07-06T00:00:00.000Z
-92.020712864110365,30.218100670354431,20,1027,CROW GIRARD HOUSE,217 W UNIVERSITY AVE,QUEEN ANNE REVIVAL,1900,CROW_GIRARD_HOUSE,http://lafayettela.gov/PZD/Zoning/Historic%20Building%20Photos/027-CrowGirardHouse.jpg,27,1993-12-01T00:00:00.000Z
-92.027865281069381,30.220862555097217,21,1026,CYPRESS HOUSE,203 MYRTLE PL,QUEEN ANNE REVIVAL,CIRCA 1900,CYPRESS_HOUSE,http://lafayettela.gov/PZD/Zoning/Historic%20Building%20Photos/026-CypressHouse.jpg,26,1993-12-01T00:00:00.000Z
-92.024598074560743,30.21633021298145,22,1032,MOST HOLY SACRAMENT CONVENT,409 W SAINT MARY BLVD,SPANISH REVIVAL,1924,MOST_HOLY_SACRAMENT_CONVENT,http://lafayettela.gov/PZD/Zoning/Historic%20Building%20Photos/032-MostHolySacrament.jpg,32,1994-07-06T00:00:00.000Z
-92.01589145882302,30.22578794977845,23,1025,CAFFERY HOUSE,233 GARFIELD ST,FRENCH COLONIAL,CIRCA 1886,CAFFERY_HOUSE,http://lafayettela.gov/PZD/Zoning/Historic%20Building%20Photos/025-CafferyHouse.jpg,25,1993-12-01T00:00:00.000Z
-92.013971035722676,30.228921490550647,24,1031,KOURY LAW OFFICE,120 E THIRD ST,EASTLAKE,1905,KOURY_LAW_OFFICE,http://lafayettela.gov/PZD/Zoning/Historic%20Building%20Photos/031-KouryLawOffice.jpg,31,1994-04-04T00:00:00.000Z
-92.022586818262184,30.223157761616175,25,1030,CLAYTON MARTIN HOUSE,416 W MAIN ST,EASTLAKE,1905,CLAYTON_MARTIN_HOUSE,http://lafayettela.gov/PZD/Zoning/Historic%20Building%20Photos/030-Clayton-MartinHouse.jpg,30,1994-05-04T00:00:00.000Z
-92.020325177850722,30.217811888995939,26,1029,SAUCIER-BARES HOUSE,205 W UNIVERSITY AVE,AMERICAN FOURSQUARE,1917,SAUCIER-BARES_HOUSE,http://lafayettela.gov/PZD/Zoning/Historic%20Building%20Photos/029-Saucier-BaresHouse.jpg,29,1994-01-05T00:00:00.000Z
-92.019823246114782,30.216936760576466,27,1028,SOULIER HOUSE,1220 JOHNSTON ST,QUEEN ANNE REVIVAL,1916,SOULIER_HOUSE,http://lafayettela.gov/PZD/Zoning/Historic%20Building%20Photos/028-SoulierHouse.jpg,28,1994-01-05T00:00:00.000Z
-91.992280055446201,30.221021711553472,28,1024,LEVY-LEBLANC HOUSE,111 MICHAEL ALLEN BLVD,FOLK VICTORIAN,CIRCA 1900,LEVY-LEBLANC_HOUSE,http://lafayettela.gov/PZD/Zoning/Historic%20Building%20Photos/024-Levy-LeBlancHouse.jpg,24,1992-12-02T00:00:00.000Z
-92.012241347299508,30.230446004787986,29,1023,LOUIS BAZIN HOUSE,210 N MAGNOLIA ST,QUEEN ANNE REVIVAL,CIRCA 1880,LOUIS_BAZIN_HOUSE,http://lafayettela.gov/PZD/Zoning/Historic%20Building%20Photos/023-LouisBazinHouse.jpg,23,1992-11-05T00:00:00.000Z
-92.019601423295825,30.217358661819016,31,1022,J ARTHUR ROY HOUSE,1204 JOHNSTON ST,EASTLAKE,1901,J_ARTHUR_ROY_HOUSE,http://lafayettela.gov/PZD/Zoning/Historic%20Building%20Photos/022-JArthurRoyHouse.jpg,22,1992-11-05T00:00:00.000Z
-92.022033681858019,30.225545138785222,32,1021,DR JD TRAHAN HOUSE,814 S WASHINGTON ST,FRENCH CREOLE,CIRCA 1869,DR_JD_TRAHAN_HOUSE,http://lafayettela.gov/PZD/Zoning/Historic%20Building%20Photos/021-DrJDTrahanHouse.jpg,21,1992-06-06T00:00:00.000Z
-92.022131143828361,30.160091411614903,33,1020,ONEZIPHORE COMEAUX HOUSE,1905 VEROT SCHOOL RD,FRENCH CREOLE,CIRCA 1880,ONEZIPHORE_COMEAUX_HOUSE,http://lafayettela.gov/PZD/Zoning/Historic%20Building%20Photos/020-OneziphoreComeauxHouse.jpg,20,1992-06-06T00:00:00.000Z
-92.018608234816213,30.224230083680474,34,1019,MOSS BUILDING,557 JEFFERSON ST,ITALIANATE,1906,MOSS_BUILDING,http://lafayettela.gov/PZD/Zoning/Historic%20Building%20Photos/019-MossBuilding.jpg,19,1992-06-06T00:00:00.000Z
-92.011441564557487,30.229852140176575,35,1018,GREENHOUSE SENIOR CENTER,110 NE EVANGELINE THWY,QUEEN ANNE REVIVAL,CIRCA 1900,GREENHOUSE_SENIOR_CENTER,http://lafayettela.gov/PZD/Zoning/Historic%20Building%20Photos/018-GreenhouseSeniorCenter.jpg,18,1992-03-26T00:00:00.000Z
-92.018627615844593,30.220158552070966,36,1017,CAILLOUET HOUSE,120 CAILLOUET PL,FRENCH COLONIAL,CIRCA 1896,CAILLOUET_HOUSE,http://lafayettela.gov/PZD/Zoning/Historic%20Building%20Photos/017-CaillouetHouse.jpg,17,1992-03-26T00:00:00.000Z
-92.018204234033149,30.220153264640754,37,1042,DAUTERIVE HOUSE,117 CAILLOUET PL,AMERICAN FOURSQUARE,1919,DAUTERIVE_HOUSE,http://lafayettela.gov/PZD/Zoning/Historic%20Building%20Photos/042-DauteriveHouse.jpg,42,1996-03-03T00:00:00.000Z
-92.017550856640327,30.223660977663066,38,1016,CHARGOIS HOUSE,309 POLK ST,MODIFIED COLONIAL REVIVAL,1915,CHARGOIS_HOUSE,http://lafayettela.gov/PZD/Zoning/Historic%20Building%20Photos/016-ChargoisHouse.jpg,16,1992-01-16T00:00:00.000Z
-92.022602319523145,30.21801017918526,39,1015,YANDLE HOUSE,200 CHERRY ST,QUEEN ANNE REVIVAL,CIRCA 1907,200_CHERRY_STREET,http://lafayettela.gov/PZD/Zoning/Historic%20Building%20Photos/015-200CherryStreet.jpg,15,1991-05-02T00:00:00.000Z
-92.015013718821379,30.219879316579934,40,1014,GOOD HOPE HALL,300 STEWART ST,MODIFIED COLONIAL REVIVAL,CIRCA 1880,GOOD_HOPE_HALL,http://lafayettela.gov/PZD/Zoning/Historic%20Building%20Photos/014-GoodHopeHall.jpg,14,1991-05-02T00:00:00.000Z
-92.016513079687385,30.200559603098782,41,1013,CAFÉ VERMILIONVILLE,1304 W PINHOOK RD,FRENCH COLONIAL,CIRCA 1811,CAFE_VERMILIONVILLE,http://lafayettela.gov/PZD/Zoning/Historic%20Building%20Photos/013-CafeVermilionville.jpg,13,1991-02-07T00:00:00.000Z
-92.009909486824441,30.232219780359102,42,1006,CHARLES MOUTON PLANTATION HOUSE,338 N STERLING ST,FRENCH CREOLE,CIRCA 1820,CHARLES_MOUTON_PLANTATION_HOUSE,http://lafayettela.gov/PZD/Zoning/Historic%20Building%20Photos/006-CharlesMoutonPlantation.jpg,6,1990-11-01T00:00:00.000Z
-92.028099504183459,30.224559962987421,43,1012,LAFAYETTE MIDDLE SCHOOL,1301 W UNIVERSITY AVE,COLLEGIATE GOTHIC,1926,LAFAYETTE_MIDDLE_SCHOOL,http://lafayettela.gov/PZD/Zoning/Historic%20Building%20Photos/012-LafayetteMiddleSchool.jpg,12,1991-02-07T00:00:00.000Z
-92.019629161776422,30.223873307968592,44,1011,LAFAYETTE HARDWARE STORE,121 W VERMILION ST,ITALIANATE,CIRCA 1890,LAFAYETTE_HARDWARE_STORE,http://lafayettela.gov/PZD/Zoning/Historic%20Building%20Photos/011-LafayetteHardwareStore.jpg,11,1991-02-07T00:00:00.000Z
-92.023293071767384,30.222407007600435,45,1010,SAINT JOHN RECTORY,914 SAINT JOHN ST,SPANISH REVIVAL,1921,ST_JOHNS_RECTORY,http://lafayettela.gov/PZD/Zoning/Historic%20Building%20Photos/010-SaintJohnsRectory.jpg,10,1991-02-07T00:00:00.000Z
-92.023449964520111,30.222905748733805,46,1009,SAINT JOHN CATHEDRAL & PROPERTY,914 SAINT JOHN ST,DUTCH ROMANESQUE REVIVAL,1916,ST_JOHNS_CADRAL_& PROPERTY,http://lafayettela.gov/PZD/Zoning/Historic%20Building%20Photos/009-SaintJohnsCathedral.jpg,9,1991-02-07T00:00:00.000Z
-92.012543532857777,30.278356103643521,47,1008,JEAN BATISTE MOUTON HOUSE,310 SIDNEY MARTIN RD,FRENCH CREOLE,CIRCA 1835,JOHN_BATISTE_MOUTON_HOUSE,http://lafayettela.gov/PZD/Zoning/Historic%20Building%20Photos/008-JeanBatisteMouton.jpg,8,1991-02-07T00:00:00.000Z
-92.000624096335088,30.286052914046778,48,1007,ALEXANDRE LATIOLAIS HOUSE,900 E BUTCHER SWITCH RD,FRENCH CREOLE,CIRCA 1790,ALEXANDRE_LATIOLAIS_HOUSE,\\LCGCrimeView\GISData\Photos\ALEXANDRE_LATIOLAIS_HOUSE.tif,7,1991-02-07T00:00:00.000Z
-92.017276794810513,30.222555173929354,49,1005,FIRST UNITED METHODIST CHURCH,703 LEE AVE,NEO-CLASSICAL,1925,FIRST_UNITED_METHODIST_CHURCH,http://lafayettela.gov/PZD/Zoning/Historic%20Building%20Photos/005-FirstUnitedMethodistChurch.jpg,5,1990-11-01T00:00:00.000Z
-92.020452362365674,30.222481829043133,50,1004,OLD CITY HALL,217 W MAIN ST,ITALIANATE,1898,OLD_CITY_HALL,http://lafayettela.gov/PZD/Zoning/Historic%20Building%20Photos/004-OldCityHall.jpg,4,1990-11-01T00:00:00.000Z
-92.018624408739626,30.225712459903054,51,1003,OLD GUARANTY BANK,500 JEFFERSON ST,NEO-CLASSICAL,1905,OLD_GUARANTY_BANK,http://lafayettela.gov/PZD/Zoning/Historic%20Building%20Photos/003-OldGuaranteeBank.jpg,3,1990-11-01T00:00:00.000Z
-92.020953809276293,30.220887145901958,52,1002,ALEXANDRE MOUTON HOUSE,1122 LAFAYETTE ST,FRENCH COLONIAL,CIRCA 1810,ALEXANDRE_MOUTON_HOUSE,\\LCGCrimeView\GISData\Photos\ALEXANDRE_MOUTON_HOUSE.tif,2,1990-11-01T00:00:00.000Z
-92.017987047831937,30.223867368745726,53,1001,HOPE LODGE #145,116 E VERMILION ST,GOTHIC REVIVAL,1916,HOPE_LODGE_145,http://lafayettela.gov/PZD/Zoning/Historic%20Building%20Photos/001-HopeLodge145.jpg,1,1990-11-01T00:00:00.000Z
-92.021909529631387,30.218100473948137,54,1037,SHADY BROOK HOUSE,127 CHERRY ST,COLONIAL REVIVAL,CIRCA 1912,SHADY_BROOK_HOUSE,http://lafayettela.gov/PZD/Zoning/Historic%20Building%20Photos/037-ShadyBrookHouse.jpg,37,1995-02-01T00:00:00.000Z
-92.021795342593606,30.213916441125452,55,1046,LA MAISON ACADIENNE FRANÇAISE,1511 JOHNSTON ST,COLONIAL REVIVAL,CIRCA 1920,LA_MAISON_ACADIENNE_FRANCAISE,http://lafayettela.gov/PZD/Zoning/Historic%20Building%20Photos/046-LaMaisonAcadienneFrancaise.jpg,46,1997-12-03T00:00:00.000Z
-92.025073272344201,30.221103408175868,57,1055,HOHORST HOUSE,112 AZALEA ST,AMERICAN FOURSQUARE,1905,HOHORST_HOUSE,http://lafayettela.gov/PZD/Zoning/Historic%20Building%20Photos/055-HoHorstHouse.jpg,55,2003-02-20T00:00:00.000Z
-92.020075796771962,30.227577025741745,58,1056,WILLIAM BRANDT HOUSE,614 MADISON ST,GREEK REVIVAL,CIRCA 1840,WILLIAM_BRANDT_HOUSE,http://lafayettela.gov/PZD/Zoning/Historic%20Building%20Photos/056-WilliamBrandtHouse.jpg,56,2003-03-20T00:00:00.000Z
-92.014214725754513,30.226639786045777,59,1057,LAFAYETTE TRAIN DEPOT,100 LEE AVE,EARLY 20TH CENTURY MOVEMENT,1911,LAFAYETTE_TRAIN_DEPOT,http://lafayettela.gov/PZD/Zoning/Historic%20Building%20Photos/057-LafayetteRailroadDepot.jpg,57,2003-04-07T00:00:00.000Z
-92.018094528599548,30.225729901161014,60,1059,MAURICE HEYMANN BUILDING,433 JEFFERSON ST,ITALIAN RENAISSANCE REVIVAL,1925,MAURICE_HEYMANN_BUILDING,http://lafayettela.gov/PZD/Zoning/Historic%20Building%20Photos/059-MauriceHeymannBldg.jpg,59,2003-05-15T00:00:00.000Z
-92.017094143790985,30.224260602618923,61,1058,SANS SOUCI,219 E VERMILION ST,COMMERCIAL VERNACULAR,CIRCA 1840,SANS_SOUCI,http://lafayettela.gov/PZD/Zoning/Historic%20Building%20Photos/058-SansSouci.jpg,58,2003-03-20T00:00:00.000Z
-92.089221622527802,30.283610601188641,62,1053,CIRCA 1900 HOUSE,1300 DUGAS RD,QUEEN ANNE REVIVAL,CIRCA 1900,circa_1900,http://lafayettela.gov/PZD/Zoning/Historic%20Building%20Photos/053-Circa1901House.jpg,53,2002-02-21T00:00:00.000Z
-92.021393516739408,30.20470406318837,377,1054,DENBO-MONTGOMERY HOUSE,106 VERLANDER CIR,AMERICAN BUNGALOW,1898,denbo_montgomery_house,http://lafayettela.gov/PZD/Zoning/Historic%20Building%20Photos/054-Denbo-MontgomeryHouse.jpg,54,2002-07-11T00:00:00.000Z
-91.99512270364626,30.215098681984117,1977,1061,LOUIS ARCENEAUX HOUSE,300 FISHER RD,FRENCH CREOLE,CIRCA 1840,Louis Arceneaux House,http://lafayettela.gov/PZD/Zoning/Historic%20Building%20Photos/061-LouisArceneauxHouse.jpg,61,2005-02-17T00:00:00.000Z
-91.993597720882804,30.216121240208818,1979,1060,ARMAND BROUSSARD HOUSE,300 FISHER RD,FRENCH CREOLE,CIRCA 1790,Armand Broussard House,http://lafayettela.gov/PZD/Zoning/Historic%20Building%20Photos/060-ArmandBroussardHouse.jpg,60,2005-02-17T00:00:00.000Z
-91.994350245571496,30.215082397343092,2297,1063,JOSEPH BULLER HOUSE,300 FISHER RD,FRENCH CREOLE,CIRCA 1807,,http://lafayettela.gov/PZD/Zoning/Historic%20Building%20Photos/063-JosephBullerHouse.jpg,63,2005-06-16T00:00:00.000Z
-91.99419445185373,30.215680595799284,2298,1062,JOSEPH FIRNBERG HOUSE,300 FISHER RD,FRENCH CREOLE,CIRCA 1860,,http://lafayettela.gov/PZD/Zoning/Historic%20Building%20Photos/062-JosephFirnbergHouse.jpg,62,2005-06-16T00:00:00.000Z
-91.994113194027932,30.215427102995658,2937,1064,LAGRANGE FAMILY HOUSE,300 FISHER RD,FRENCH CREOLE,CIRCA 1830,,http://lafayettela.gov/PZD/Zoning/Historic%20Building%20Photos/064-LaGrangeFamilyHouse.jpg,64,2005-09-15T00:00:00.000Z
-92.047317492448684,30.20400866867217,2938,1065,JUDICE INN,3134 JOHNSTON ST,COMMERCIAL VERNACULAR,1947,,http://lafayettela.gov/PZD/Zoning/Historic%20Building%20Photos/065-JudiceInn.jpg,65,2005-09-15T00:00:00.000Z
-92.023506694003899,30.221931939433553,2939,1066,OSCAR DAIGLE HOUSE,512 W CONVENT ST,QUEEN ANNE REVIVAL,CIRCA 1910,,http://lafayettela.gov/PZD/Zoning/Historic%20Building%20Photos/066-OscarDaigleHouse.jpg,66,2005-09-15T00:00:00.000Z
-92.026295670900581,30.268661768596584,2940,1067,COURET HOUSE,2763 NW EVANGELINE THWY,FRENCH CREOLE,1836,,http://lafayettela.gov/PZD/Zoning/Historic%20Building%20Photos/067-CouretHouse.jpg,67,2005-09-15T00:00:00.000Z
-92.008783462696428,30.229911189972146,2941,1068,PRUDHOMME-BEGNAUD HOUSE,708 JEFFERSON BLVD,COLONIAL REVIVAL,CIRCA 1906,,http://lafayettela.gov/PZD/Zoning/Historic%20Building%20Photos/068-Prudhomme-BegnaudHouse.jpg,68,2005-09-15T00:00:00.000Z
-92.024737689077995,30.218560708510637,7449,1070,DR JOHN & EDITH MILES HOUSE,614 CALDER ST,COLONIAL REVIVAL,1948,,http://lafayettela.gov/PZD/Zoning/Historic%20Building%20Photos/070-DrJohnandEdithMiles.jpg,70,2006-09-21T00:00:00.000Z
-92.022536834895249,30.212086904607492,7450,1069,CARVER HOUSE,114 FLORIDA CT,ENGLISH COTTAGE REVIVAL,1929,,http://lafayettela.gov/PZD/Zoning/Historic%20Building%20Photos/069-CarverHouse.jpg,69,2006-06-15T00:00:00.000Z
-92.023119865993806,30.212715212609808,11977,1073,CUNNINGHAM HOUSE,120 CLARK CT,ECLECTIC REVIVALISM,1926,,http://lafayettela.gov/PZD/Zoning/Historic%20Building%20Photos/073-CunninghamHouse.jpg,73,2008-04-17T00:00:00.000Z
-92.018561401505636,30.221838999778839,11978,1071,LAFAYETTE'S SECOND CITY HALL,735 JEFFERSON ST,ART DECO,1939,,http://lafayettela.gov/PZD/Zoning/Historic%20Building%20Photos/071-LafayettesSecondCityHall.jpg,71,2007-08-16T00:00:00.000Z
-92.018601796052465,30.223157881500544,11979,1074,GRADO BUILDING,631 JEFFERSON ST,COMMERCIAL VERNACULAR,CIRCA 1890,,http://lafayettela.gov/PZD/Zoning/Historic%20Building%20Photos/074-GradoBuilding.jpg,74,2008-05-15T00:00:00.000Z
-92.025800296247326,30.224426094692081,11980,1072,EMELIE JUDICE MOUTON HOUSE,215 VERSAILLES BLVD,QUEEN ANNE REVIVAL,1908,,http://lafayettela.gov/PZD/Zoning/Historic%20Building%20Photos/072-EmilieJudiceMouton.jpg,72,2008-03-20T00:00:00.000Z
-92.03022581889671,30.2153118057055,14633,1075,CIRCA 1901 HOUSE,523 SAINT JULIEN AVE,QUEEN ANNE REVIVAL,CIRCA 1901,,http://lafayettela.gov/PZD/Zoning/Historic%20Building%20Photos/075-Circa1901House.jpg,75,2008-09-18T00:00:00.000Z
-92.017318666950629,30.225154412760517,14634,1079,HEYMANN FOOD CENTER,201 E CONGRESS ST,ART DECO,1935,,http://lafayettela.gov/PZD/Zoning/Historic%20Building%20Photos/079-HeymannFoodCenter.jpg,79,2009-09-24T00:00:00.000Z
-92.019817561313474,30.225463578160856,14635,1077,SOUTHERN BELL TELEPHONE & TELEGRAPH EXCHANGE,100 CENTRAL ST,COMMERCIAL,1927,,http://lafayettela.gov/PZD/Zoning/Historic%20Building%20Photos/077-SouthernBellTelephone.jpg,77,2009-09-24T00:00:00.000Z
-92.022240156609826,30.219123790873269,14636,1076,FOURNET HOUSE,111 DUNREATH ST,ECLECTIC,1919,,http://lafayettela.gov/PZD/Zoning/Historic%20Building%20Photos/076-FournetHouse.jpg,76,2009-04-16T00:00:00.000Z
-92.009256111929759,30.231019147324218,14637,1078,NICKERSON-CHAPPUIS HOUSE,631 E SIMCOE ST,AMERICAN BUNGALOW,1931,,http://lafayettela.gov/PZD/Zoning/Historic%20Building%20Photos/078-Nickerson-ChappuisHouse.jpg,78,2009-09-24T00:00:00.000Z
-92.015797663483326,30.223304649737941,14638,1080,COLOMB-CHAUVIN HOUSE,424 E VERMILION ST,AMERICAN BUNGALOW,1921,,http://lafayettela.gov/PZD/Zoning/Historic%20Building%20Photos/080-Colomb-ChauvinHouse.jpg,80,2010-09-16T00:00:00.000Z
-92.007625928494193,30.228325016724291,14639,1081,MOSS HOUSE,212 SAINT CHARLES ST,QUEEN ANNE REVIVAL,CIRCA 1910,,http://lafayettela.gov/PZD/Zoning/Historic%20Building%20Photos/081-MossHouse.jpg,81,2010-10-21T00:00:00.000Z
-92.017258085794509,30.223932278804057,14640,1082,TRIBUNE BUILDING,212 E VERMILION ST,ECLECTIC,CIRCA 1928,,http://lafayettela.gov/PZD/Zoning/Historic%20Building%20Photos/082-TribuneBuilding.jpg,82,2011-02-17T00:00:00.000Z
-92.015694425162991,30.22506331619773,14641,1083,GARFIELD HOUSE,402 GARFIELD ST,AMERICAN FOURSQUARE,CIRCA 1890,,http://lafayettela.gov/PZD/Zoning/Historic%20Building%20Photos/083-GarfieldHouse.jpg,83,2011-02-17T00:00:00.000Z
-92.015033691355299,30.218985913283944,14953,1084,SAINT ANNE'S INFIRMARY,1317 JEFFERSON ST,ECLECTIC,1937,,http://lafayettela.gov/PZD/Zoning/Historic%20Building%20Photos/084-SaintAnnsInfirmary.jpg,84,2011-02-17T00:00:00.000Z
-92.010110061334146,30.231728226256603,14954,1085,GIVENS TOWNHOUSE,324 N STERLING ST,EASTLAKE,1893,,http://lafayettela.gov/PZD/Zoning/Historic%20Building%20Photos/085-GivensTownhouse.jpg,85,2012-03-15T00:00:00.000Z
-92.022205212375297,30.21181466454745,14955,1086,DR LOUIS B LONG HOUSE,115 FLORIDA CT,ENGLISH TUDOR REVIVAL,1929,,http://lafayettela.gov/PZD/Zoning/Historic%20Building%20Photos/086-DrLouisBLongHouse.jpg,86,2012-03-15T00:00:00.000Z
-92.017674918021498,30.220225364910956,14958,1087,KELLER'S BAKERY,1012 JEFFERSON ST,MODERN,1948,,,87,2012-03-15T00:00:00.000Z
-92.023298866908348,30.218614763425315,15273,1088,FRANK JEANMARD HOUSE,202 DUNREATH ST,QUEEN ANNE REVIVAL,CIRCA 1910,,,88,2013-10-18T00:00:00.000Z
-92.022834131037129,30.219151735830909,15274,1094,JOHN MONTGOMERY HOUSE,120 DUNREATH ST,AMERICAN BUNGALOW,CIRCA 1910,,,94,2013-04-18T00:00:00.000Z
-92.011483248851221,30.234710942553562,15275,1092,MCFADDIN HOUSE,351 ELIZABETH AVE,QUEEN ANNE REVIVAL,CIRCA 1904,,,92,2013-04-18T00:00:00.000Z
-92.010318643760044,30.231199940238223,15276,1093,JOHN NICKERSON HOUSE,310 N STERLING ST,QUEEN ANNE REVIVAL,CIRCA 1891,,,93,2013-04-18T00:00:00.000Z
-92.01871479237866,30.231470562934994,15277,1090,DR THOMAS B HOPKINS HOUSE,317 S PIERCE ST,FRENCH COLONIAL,CIRCA 1902,,,90,2013-03-21T00:00:00.000Z
-92.140657111800863,30.167348865230224,15278,1091,JUDICE MIDDLE SCHOOL,2645 S FIELDSPAN RD,JACOBEAN REVIVAL,1929,,,91,2013-03-21T00:00:00.000Z
-91.994490915738609,30.215523283379749,15279,1089,MAISON ACADIENNE,300 FISHER RD,FRENCH CREOLE,CIRCA 1850,,,89,2013-02-21T00:00:00.000Z
-92.022113183715632,30.222362736688012,15280,1095,MAISON REVILLON,1012 S WASHINGTON ST,GREEK REVIVAL,CIRCA 1880,,,95,2013-09-19T00:00:00.000Z
-92.016867791787604,30.227163341041564,15281,1096,EVANGELINE HOTEL,302 JEFFERSON ST,ITALIAN RENAISSANCE REVIVAL,1928,,,96,2013-09-19T00:00:00.000Z
-92.022949367283957,30.219010611169324,15600,96,MAURICE POLLINGUE HOUSE,126 DUNREATH ST,AMERICAN BUNGALOW,CIRCA 1910,,,99,2014-06-19T00:00:00.000Z
-92.023410054570562,30.217845354547109,15601,97,GEORGE BERNARD HOUSE,221 DUNREATH ST,AMERICAN BUNGALOW,CIRCA 1919,,,100,2014-06-19T00:00:00.000Z
-92.024569835069244,30.217372206663644,15602,98,LOUISE & MILDRED MANN HOUSE,314 DUNREATH ST,ENGLISH COTTAGE REVIVAL,1937,,,101,2014-06-19T00:00:00.000Z
-92.02271785063985,30.233410217792382,15603,99,SAINT PAUL CONVENT,518 HOPKINS ST,AMERICAN FOURSQUARE,1950,,,97,2014-05-15T00:00:00.000Z
-92.015302821523576,30.219678137795725,15604,100,GOOD HOPE CHAPEL,301 E CONVENT ST,GOTHIC REVIVAL,1950,,,98,2014-05-15T00:00:00.000Z
-92.017101310839948,30.229238935287576,15920,1102,LAFAYETTE WHOLESALE GROCERY WAREHOUSE,333 MONROE ST,COMMERCIAL VERNACULAR,CIRCA 1926,,,102,2015-02-19T00:00:00.000Z
